{"initial_reset_timestamp": 57889.4733649, "timestamps": [57891.1288381, 57891.5192565, 57891.57712, 57891.595268, 57891.6156731, 57891.6392511, 57891.6602327, 57891.6808651, 57892.0852529, 57892.1465946, 57892.1652175, 57892.185356, 57892.2066874, 57892.2286414, 57892.2455876, 57892.2675557, 57892.2852214, 57892.3055743, 57892.3213223, 57892.3414567, 57892.3576869, 57892.375279, 57892.3949217, 57892.4145816, 57892.431606, 57892.4504214, 57892.4681366, 57892.8959394, 57892.9543712, 57892.9747141, 57892.9920386, 57893.0131099, 57893.0319821, 57893.052381, 57893.0724734, 57893.0897693, 57893.1078863, 57893.1272524, 57893.147638, 57893.1674761, 57893.1873834, 57893.207204, 57893.2271228, 57893.2447256, 57893.264417, 57893.2858885, 57893.3060996, 57893.3219263, 57893.3389913, 57893.3591509, 57893.3753455, 57893.3950527, 57893.4118742, 57893.431667, 57893.4489003, 57893.4668982, 57893.486524, 57893.5061024, 57893.522618, 57893.5389182, 57893.5551454, 57893.5733049, 57893.5930955, 57893.6130258, 57894.0010259, 57894.0586535, 57894.0765974, 57894.0935043, 57894.1134986, 57894.1335001, 57894.1536078, 57894.1735418, 57894.193477, 57894.2102009, 57894.2331512, 57894.2524515, 57894.2728115, 57894.2985571, 57894.3183613, 57894.3376871, 57894.3600251, 57894.3848482, 57894.4076162, 57894.4300548, 57894.448185, 57894.4667953, 57894.4879416, 57894.5093261, 57894.5313865, 57894.5484194, 57894.5689741, 57894.5859854, 57894.6030773, 57894.624349, 57894.6455739, 57894.6667533, 57894.6876119, 57894.7048348, 57894.7230736, 57894.7447308], "episode_lengths": [104, 92, 102, 91, 103, 104, 103, 104, 105, 104, 95, 103, 104, 104, 83, 104, 89, 104, 83, 104, 85, 92, 104, 104, 90, 99, 91, 103, 104, 104, 89, 104, 96, 104, 104, 87, 91, 92, 103, 104, 104, 104, 104, 92, 104, 104, 104, 83, 88, 104, 85, 103, 87, 104, 90, 94, 104, 103, 87, 85, 85, 94, 104, 104, 103, 104, 93, 87, 104, 104, 104, 103, 103, 86, 103, 86, 92, 104, 90, 86, 104, 104, 104, 104, 87, 91, 104, 104, 103, 84, 103, 85, 87, 104, 104, 104, 87, 86, 93, 103], "episode_rewards": [-104.0, -92.0, -102.0, -91.0, -103.0, -104.0, -103.0, -104.0, -105.0, -104.0, -95.0, -103.0, -104.0, -104.0, -83.0, -104.0, -89.0, -104.0, -83.0, -104.0, -85.0, -92.0, -104.0, -104.0, -90.0, -99.0, -91.0, -103.0, -104.0, -104.0, -89.0, -104.0, -96.0, -104.0, -104.0, -87.0, -91.0, -92.0, -103.0, -104.0, -104.0, -104.0, -104.0, -92.0, -104.0, -104.0, -104.0, -83.0, -88.0, -104.0, -85.0, -103.0, -87.0, -104.0, -90.0, -94.0, -104.0, -103.0, -87.0, -85.0, -85.0, -94.0, -104.0, -104.0, -103.0, -104.0, -93.0, -87.0, -104.0, -104.0, -104.0, -103.0, -103.0, -86.0, -103.0, -86.0, -92.0, -104.0, -90.0, -86.0, -104.0, -104.0, -104.0, -104.0, -87.0, -91.0, -104.0, -104.0, -103.0, -84.0, -103.0, -85.0, -87.0, -104.0, -104.0, -104.0, -87.0, -86.0, -93.0, -103.0], "episode_types": ["t", "t", "t", "t", "t", "t", "t", "t", "t", "t", "t", "t", "t", "t", "t", "t", "t", "t", "t", "t", "t", "t", "t", "t", "t", "t", "t", "t", "t", "t", "t", "t", "t", "t", "t", "t", "t", "t", "t", "t", "t", "t", "t", "t", "t", "t", "t", "t", "t", "t", "t", "t", "t", "t", "t", "t", "t", "t", "t", "t", "t", "t", "t", "t", "t", "t", "t", "t", "t", "t", "t", "t", "t", "t", "t", "t", "t", "t", "t", "t", "t", "t", "t", "t", "t", "t", "t", "t", "t", "t", "t", "t", "t", "t", "t", "t", "t", "t", "t", "t"]}