{"initial_reset_timestamp": 49120.8824565, "timestamps": [49121.0891021, 49121.2584522, 49121.3169539, 49121.3227097, 49121.3297774, 49121.3368851, 49121.3432749, 49121.3466803, 49121.4921256, 49121.591709, 49121.6061269, 49121.6107304, 49121.6206023, 49121.6230124, 49121.6300293, 49121.6329957, 49121.6349437, 49121.6380132, 49121.6406893, 49121.642459, 49121.6520921, 49121.6573912, 49121.6623283, 49121.6645696, 49121.667662, 49121.6691757, 49121.6708308, 49121.8417302, 49121.925885, 49121.928841, 49121.9325862, 49121.9363119, 49121.9384088, 49121.9400965, 49121.9426276, 49121.9447228, 49121.9465284, 49121.9492706, 49121.9515917, 49121.9538745, 49121.9575441, 49121.9603069, 49121.9626688, 49121.9670726, 49121.9696886, 49121.9740764, 49121.9820045, 49121.9841174, 49121.9868951, 49121.9884417, 49121.9956669, 49122.0003863, 49122.0086389, 49122.0116555, 49122.0177662, 49122.0230563, 49122.0271863, 49122.0319846, 49122.0357836, 49122.0411535, 49122.04368, 49122.0460117, 49122.0506971, 49122.0541853, 49122.1579981, 49122.6226154, 49122.6340954, 49122.6383907, 49122.6425679, 49122.6462003, 49122.6487459, 49122.6509762, 49122.6537547, 49122.6568372, 49122.6607169, 49122.6645016, 49122.6678348, 49122.669624, 49122.6713307, 49122.677304, 49122.681398, 49122.6838616, 49122.6867932, 49122.6888651, 49122.6912528, 49122.6980141, 49122.7011445, 49122.7038478, 49122.7066851, 49122.7160745, 49122.7183541, 49122.7214473, 49122.7299302, 49122.7336555, 49122.7357676, 49122.7398574, 49122.7427165, 49122.7451832, 49122.7513275, 49122.7556068], "episode_lengths": [14, 10, 19, 12, 15, 20, 23, 14, 26, 16, 29, 12, 35, 10, 31, 14, 9, 18, 14, 10, 52, 29, 30, 11, 15, 9, 10, 34, 12, 13, 17, 18, 12, 10, 15, 11, 10, 14, 12, 11, 21, 16, 14, 21, 15, 18, 40, 10, 16, 9, 41, 24, 48, 18, 26, 27, 21, 21, 15, 20, 11, 9, 16, 13, 13, 13, 20, 12, 14, 14, 11, 10, 12, 16, 21, 20, 17, 10, 10, 31, 21, 13, 15, 12, 14, 37, 16, 16, 17, 51, 14, 16, 44, 20, 11, 24, 15, 13, 34, 22], "episode_rewards": [14.0, 10.0, 19.0, 12.0, 15.0, 20.0, 23.0, 14.0, 26.0, 16.0, 29.0, 12.0, 35.0, 10.0, 31.0, 14.0, 9.0, 18.0, 14.0, 10.0, 52.0, 29.0, 30.0, 11.0, 15.0, 9.0, 10.0, 34.0, 12.0, 13.0, 17.0, 18.0, 12.0, 10.0, 15.0, 11.0, 10.0, 14.0, 12.0, 11.0, 21.0, 16.0, 14.0, 21.0, 15.0, 18.0, 40.0, 10.0, 16.0, 9.0, 41.0, 24.0, 48.0, 18.0, 26.0, 27.0, 21.0, 21.0, 15.0, 20.0, 11.0, 9.0, 16.0, 13.0, 13.0, 13.0, 20.0, 12.0, 14.0, 14.0, 11.0, 10.0, 12.0, 16.0, 21.0, 20.0, 17.0, 10.0, 10.0, 31.0, 21.0, 13.0, 15.0, 12.0, 14.0, 37.0, 16.0, 16.0, 17.0, 51.0, 14.0, 16.0, 44.0, 20.0, 11.0, 24.0, 15.0, 13.0, 34.0, 22.0], "episode_types": ["t", "t", "t", "t", "t", "t", "t", "t", "t", "t", "t", "t", "t", "t", "t", "t", "t", "t", "t", "t", "t", "t", "t", "t", "t", "t", "t", "t", "t", "t", "t", "t", "t", "t", "t", "t", "t", "t", "t", "t", "t", "t", "t", "t", "t", "t", "t", "t", "t", "t", "t", "t", "t", "t", "t", "t", "t", "t", "t", "t", "t", "t", "t", "t", "t", "t", "t", "t", "t", "t", "t", "t", "t", "t", "t", "t", "t", "t", "t", "t", "t", "t", "t", "t", "t", "t", "t", "t", "t", "t", "t", "t", "t", "t", "t", "t", "t", "t", "t", "t"]}