{"initial_reset_timestamp": 4435.3467324, "timestamps": [4440.0032903, 4444.5596366, 4445.7293889, 4445.7566362, 4445.7928898, 4446.5571012, 4446.8158689, 4447.9944981, 4452.3820073, 4453.4836129, 4453.50654, 4453.5410289, 4453.9824432, 4454.0133045, 4454.157513, 4454.190497, 4454.4400531, 4454.6457124, 4455.0955273, 4456.3664937, 4457.4147612, 4457.459151, 4457.4871647, 4457.9563895, 4458.8150883, 4458.8490641, 4459.9312557, 4464.4590286, 4465.8785263, 4466.0458543, 4467.2053863, 4468.2566079, 4468.8532343, 4468.8875337, 4469.160837, 4469.1954387, 4470.1947155, 4470.5338726, 4470.5660206, 4470.6042684, 4471.5679227, 4472.3143627, 4472.3467483, 4472.382358, 4472.4163076, 4472.5440162, 4473.4880677, 4473.5326256, 4473.7498805, 4473.7749839, 4473.8026893, 4473.8346293, 4473.8649181, 4475.1035866, 4476.2917848, 4477.4976937, 4477.5281037, 4478.501559, 4478.5386183, 4478.5774136, 4478.610038, 4479.8028772, 4479.8273091, 4480.280137, 4482.8536796, 4483.7133974, 4483.7486594, 4483.9115181, 4483.9472482, 4484.2454107, 4485.4880891, 4485.5139176, 4486.8146169, 4486.8623471, 4488.1048356, 4488.1329114, 4488.1762385, 4488.2094925, 4488.8327624, 4489.8229877, 4489.8596611, 4489.9129826, 4491.2248539, 4492.2949979, 4492.8519533, 4494.3683416, 4494.5927148, 4494.6383387, 4495.9450165, 4497.3297764, 4497.3579851, 4497.4510471, 4497.5661607, 4497.6070096, 4497.6413549, 4497.6786628, 4497.7220432, 4498.8036516, 4498.8328782, 4498.8635622], "episode_lengths": [685, 1000, 1000, 95, 124, 1000, 420, 1000, 1000, 1000, 77, 120, 719, 101, 356, 120, 457, 409, 564, 1000, 1000, 139, 93, 591, 1000, 116, 1000, 1000, 1000, 338, 1000, 1000, 852, 108, 447, 119, 1000, 521, 116, 122, 1000, 862, 112, 119, 122, 301, 1000, 146, 377, 87, 98, 107, 104, 1000, 1000, 1000, 102, 1000, 116, 127, 110, 1000, 81, 565, 578, 826, 117, 328, 123, 500, 1000, 84, 1000, 157, 1000, 94, 141, 105, 796, 1000, 104, 149, 1000, 1000, 728, 1000, 333, 127, 1000, 1000, 85, 209, 277, 135, 108, 109, 134, 1000, 97, 104], "episode_rewards": [180.9545410529035, 33.18488275338001, 43.838598018843726, 10.518428556573411, 14.360100276756341, 83.7430076557871, 218.97260862185692, 74.17193387296783, 64.7160276625046, 102.05153574170157, -8.719349732537893, 21.699277916935415, 199.9966603311898, 40.560470721020295, -82.78295000037637, 23.187153737663337, -187.69591639830367, -126.70595347498903, 157.29487336905913, 72.04498515559528, 89.49107731084553, 15.455548284445783, 41.35052337796557, 174.18331835551822, 52.04060875204698, 7.185480439816445, 107.72499226413645, 112.66319975587395, 59.1842602287592, -9.624528813767498, 68.25847780203836, 55.79410401462788, -61.39830178157947, -27.544165734307683, -99.99541307979942, 24.476617922089858, -30.011059541809207, -202.35408878516768, 12.394192016319934, 8.904293986660093, 96.95839564404513, 128.80771708936743, -2.1906151304767008, 14.936952482748254, 53.140202315489574, -93.7625181858424, 74.20450631060399, 57.09861495885389, 212.14889146980124, 37.35051508109811, 10.534631537956898, 14.139714612804909, 18.12357078376631, 107.90402507313165, 16.646106128749107, 25.19123182590302, 18.700222479852513, 58.515916210666965, 51.144597649249704, 6.199048735644695, 4.10036651364625, 87.49182280744978, 13.017857864379891, 195.05469803083906, 225.9082285973779, 141.91251405872032, 15.0391978920443, -8.783176845082707, 25.05503698910897, 223.88250211711045, 54.90551563760974, 42.535686832317225, -5.195667667189269, 28.57485088869467, 26.405638421473952, 39.71006942656226, 17.954020244040564, 46.05829418978814, 216.4330472496381, 58.69216293218473, 30.867239256803117, 8.313396144398467, -11.06686367113678, 60.09012793564618, -105.99559156633495, 4.698487060091559, -58.79542963209367, 14.278620728796483, 80.54171068187652, 43.19935262558229, 14.30765765619796, 261.2989324786097, -12.450928866374397, 50.07450359649104, 6.179950191269398, 42.32609564974021, 0.15382201462546163, 53.93985468319065, 31.882155017141713, 2.3844370691027876], "episode_types": ["t", "t", "t", "t", "t", "t", "t", "t", "t", "t", "t", "t", "t", "t", "t", "t", "t", "t", "t", "t", "t", "t", "t", "t", "t", "t", "t", "t", "t", "t", "t", "t", "t", "t", "t", "t", "t", "t", "t", "t", "t", "t", "t", "t", "t", "t", "t", "t", "t", "t", "t", "t", "t", "t", "t", "t", "t", "t", "t", "t", "t", "t", "t", "t", "t", "t", "t", "t", "t", "t", "t", "t", "t", "t", "t", "t", "t", "t", "t", "t", "t", "t", "t", "t", "t", "t", "t", "t", "t", "t", "t", "t", "t", "t", "t", "t", "t", "t", "t", "t"]}